Individual Characteristics,Career Pathway,Research Funding Process,Organisational Culture
Abilties,Barrier Removal,Addressing Structural Inequality,Accessible & Inclusive Workspaces
Age,Career Pathway,Advertising Approach,Adaptive Research Enviroments | Adaptive research enviroments
Career Stage,Career Progression,Application Processes,Allyship
Caring Responsiblities,Career Retention,Application Support,Allyship & Advocacy
Disability,Development Opportunities,Bias Mitigation,Anti-discrimination Measures | Anti-discrimination measures
Job Roles,Diverse Leadership,Eligiblity Criteria,Awareness Training
Nationality,Equitable Opportunities,Panel Diversity,Barrier Removal
Neurodiversity,Leadership Development,Peer Review,Belonging Initiatives
Pregnancy And Maternity | Pregnancy and Maternity,Mentorship & Sponsorship,Research Funding Process,Bias
Race,Network Development,Resource Allocation,Bullying And Microagression Prevention | Bullying and Microagression Prevention
Religion Or Belief | Religion or Belief,Networking & Collaboration,Securing Funding,Cultural Competency
Sex,Pipeline Development,Targeted Grants,Data Collection & Monitoring
Sexual Orientation,Professional Development,Transparency And Accessiblity Of Process | Transparency and Accessiblity of Process,Disseminating Good Practice | Disseminating good practice
Socio-Economic Background,Recruitment Strategies,,Diverse Representation
Temporary Impairment,Retention Strategies,,Employee Resource Groups
Trans Identity,Visibility & Recognition,,Harassment
,,,Inclusive Language | Inclusive language
,,,Inclusive Leadership
,,,Inclusive Workplaces
,,,Management Structures | Management structures
,,,Monitoring And Evaluation | Monitoring and evaluation
,,,Organisational Culture
,,,Policy Review & Reform
,,,Research Design
,,,Systemic Change | Systemic change
,,,Work-Life Balance
